{"cameraMode":{"drawMode":0,"name":"Shaded","section":"Shading Mode"},"sceneLighting":true,"audioPlay":false,"sceneViewState":{"m_AlwaysRefresh":false,"showFog":true,"showSkybox":true,"showFlares":true,"showImageEffects":true,"showParticleSystems":true,"showVisualEffectGraphs":true,"m_FxEnabled":true},"in2DMode":false,"pivot":{"x":0.6148202419281006,"y":3.22098445892334,"z":-2.1805038452148439},"rotation":{"x":-0.4859122633934021,"y":-0.0011677057482302189,"z":-0.00029540288960561156,"w":-0.8742149472236633},"size":7.162179946899414,"orthographic":false}