{"cameraMode":{"drawMode":0,"name":"Shaded","section":"Shading Mode"},"sceneLighting":true,"audioPlay":false,"sceneViewState":{"m_AlwaysRefresh":false,"showFog":true,"showSkybox":true,"showFlares":true,"showImageEffects":true,"showParticleSystems":true,"showVisualEffectGraphs":true,"m_FxEnabled":true},"in2DMode":false,"pivot":{"x":0.9292341470718384,"y":-3.3508074283599855,"z":-1.3078596591949463},"rotation":{"x":-0.5208656787872315,"y":-0.01833784580230713,"z":0.009551812894642353,"w":-0.8536924719810486},"size":7.75311803817749,"orthographic":false}