{"cameraMode":{"drawMode":0,"name":"Shaded","section":"Shading Mode"},"sceneLighting":true,"audioPlay":false,"sceneViewState":{"m_AlwaysRefresh":false,"showFog":true,"showSkybox":true,"showFlares":true,"showImageEffects":true,"showParticleSystems":true,"showVisualEffectGraphs":true,"m_FxEnabled":true},"in2DMode":false,"pivot":{"x":-1.7410951852798463,"y":1.942387342453003,"z":-2.76823353767395},"rotation":{"x":0.34375664591789248,"y":-0.039867956191301349,"z":0.016027692705392839,"w":0.9380854368209839},"size":4.507394790649414,"orthographic":false}