{"cameraMode":{"drawMode":0,"name":"Shaded","section":"Shading Mode"},"sceneLighting":true,"audioPlay":false,"sceneViewState":{"m_AlwaysRefresh":false,"showFog":true,"showSkybox":true,"showFlares":true,"showImageEffects":true,"showParticleSystems":true,"showVisualEffectGraphs":true,"m_FxEnabled":true},"in2DMode":false,"pivot":{"x":-0.4326137900352478,"y":-0.8899853229522705,"z":0.7183530330657959},"rotation":{"x":-0.3804921805858612,"y":-0.007861295714974404,"z":0.0029811132699251177,"w":-0.9248342514038086},"size":8.856757164001465,"orthographic":false}