{"cameraMode":{"drawMode":0,"name":"Shaded","section":"Shading Mode"},"sceneLighting":true,"audioPlay":false,"sceneViewState":{"m_AlwaysRefresh":false,"showFog":true,"showSkybox":true,"showFlares":true,"showImageEffects":true,"showParticleSystems":true,"showVisualEffectGraphs":true,"m_FxEnabled":true},"in2DMode":false,"pivot":{"x":-0.5496865510940552,"y":-0.7886039018630981,"z":-0.4422684907913208},"rotation":{"x":-0.49506184458732607,"y":0.0014502678532153369,"z":-0.0017457125941291452,"w":-0.8690652251243591},"size":5.492821216583252,"orthographic":false}