{"cameraMode":{"drawMode":0,"name":"Shaded","section":"Shading Mode"},"sceneLighting":true,"audioPlay":false,"sceneViewState":{"m_AlwaysRefresh":false,"showFog":true,"showSkybox":false,"showFlares":true,"showImageEffects":true,"showParticleSystems":true,"showVisualEffectGraphs":true,"m_FxEnabled":true},"in2DMode":false,"pivot":{"x":-0.1949474811553955,"y":2.352721691131592,"z":0.15377876162528993},"rotation":{"x":-0.1801796555519104,"y":0.6569796204566956,"z":-0.16645902395248414,"w":-0.7130174040794373},"size":1.4660253524780274,"orthographic":false}