{"cameraMode":{"drawMode":0,"name":"Shaded","section":"Shading Mode"},"sceneLighting":true,"audioPlay":false,"sceneViewState":{"m_AlwaysRefresh":false,"showFog":true,"showSkybox":true,"showFlares":true,"showImageEffects":true,"showParticleSystems":true,"showVisualEffectGraphs":true,"m_FxEnabled":true},"in2DMode":false,"pivot":{"x":1.175595998764038,"y":0.18247132003307343,"z":-1.0988812446594239},"rotation":{"x":-0.004176467191427946,"y":0.9663289785385132,"z":-0.2568664848804474,"w":-0.015650590881705285},"size":8.72079086303711,"orthographic":false}