{"cameraMode":{"drawMode":0,"name":"Shaded","section":"Shading Mode"},"sceneLighting":false,"audioPlay":false,"sceneViewState":{"m_AlwaysRefresh":false,"showFog":true,"showSkybox":false,"showFlares":true,"showImageEffects":true,"showParticleSystems":true,"showVisualEffectGraphs":true,"m_FxEnabled":true},"in2DMode":false,"pivot":{"x":0.03433263301849365,"y":1.2984154224395753,"z":-0.4948597848415375},"rotation":{"x":-0.44257768988609316,"y":-0.05327731743454933,"z":0.026203308254480363,"w":-0.8948272466659546},"size":3.2742393016815187,"orthographic":false}