{"cameraMode":{"drawMode":0,"name":"Shaded","section":"Shading Mode"},"sceneLighting":false,"audioPlay":false,"sceneViewState":{"m_AlwaysRefresh":false,"showFog":true,"showSkybox":false,"showFlares":true,"showImageEffects":true,"showParticleSystems":true,"showVisualEffectGraphs":true,"m_FxEnabled":true},"in2DMode":false,"pivot":{"x":-0.2520480751991272,"y":1.3868600130081177,"z":0.47114047408103945},"rotation":{"x":-0.28091731667518618,"y":0.059510279446840289,"z":-0.01760612055659294,"w":-0.9577851295471191},"size":1.7742395401000977,"orthographic":false}