{"cameraMode":{"drawMode":0,"name":"Shaded","section":"Shading Mode"},"sceneLighting":false,"audioPlay":false,"sceneViewState":{"m_AlwaysRefresh":false,"showFog":true,"showSkybox":false,"showFlares":true,"showImageEffects":true,"showParticleSystems":true,"showVisualEffectGraphs":true,"m_FxEnabled":true},"in2DMode":false,"pivot":{"x":-0.6555450558662415,"y":1.2840150594711304,"z":-3.900843381881714},"rotation":{"x":-0.005886453203856945,"y":-0.9836066961288452,"z":0.17777025699615479,"w":-0.0318487174808979},"size":1.6034355163574219,"orthographic":false}