{"cameraMode":{"drawMode":0,"name":"Shaded","section":"Shading Mode"},"sceneLighting":false,"audioPlay":false,"sceneViewState":{"m_AlwaysRefresh":false,"showFog":true,"showSkybox":false,"showFlares":true,"showImageEffects":true,"showParticleSystems":true,"showVisualEffectGraphs":true,"m_FxEnabled":true},"in2DMode":false,"pivot":{"x":10.391987800598145,"y":1.7365610599517823,"z":9.585800170898438},"rotation":{"x":-0.24961163103580476,"y":0.01655079610645771,"z":-0.004283146932721138,"w":-0.9682289958000183},"size":0.12582820653915406,"orthographic":false}