{"cameraMode":{"drawMode":0,"name":"Shaded","section":"Shading Mode"},"sceneLighting":false,"audioPlay":false,"sceneViewState":{"m_AlwaysRefresh":false,"showFog":true,"showSkybox":false,"showFlares":true,"showImageEffects":true,"showParticleSystems":true,"showVisualEffectGraphs":true,"m_FxEnabled":true},"in2DMode":false,"pivot":{"x":10.815242767333985,"y":1.7723174095153809,"z":10.165054321289063},"rotation":{"x":-0.1467723846435547,"y":0.010973370634019375,"z":-0.0016463391948491335,"w":-0.9891427755355835},"size":0.15054292976856233,"orthographic":false}