{"cameraMode":{"drawMode":0,"name":"Shaded","section":"Shading Mode"},"sceneLighting":false,"audioPlay":false,"sceneViewState":{"m_AlwaysRefresh":false,"showFog":true,"showSkybox":false,"showFlares":true,"showImageEffects":true,"showParticleSystems":true,"showVisualEffectGraphs":true,"m_FxEnabled":true},"in2DMode":false,"pivot":{"x":-7.718502521514893,"y":1.523489236831665,"z":-0.4619857668876648},"rotation":{"x":-0.3804914057254791,"y":0.0032758365850895645,"z":-0.0014901638496667147,"w":-0.9248397350311279},"size":0.23751908540725709,"orthographic":false}