{"cameraMode":{"drawMode":0,"name":"Shaded","section":"Shading Mode"},"sceneLighting":false,"audioPlay":false,"sceneViewState":{"m_AlwaysRefresh":false,"showFog":true,"showSkybox":false,"showFlares":true,"showImageEffects":true,"showParticleSystems":true,"showVisualEffectGraphs":true,"m_FxEnabled":true},"in2DMode":false,"pivot":{"x":-7.020091533660889,"y":0.9055325984954834,"z":-0.025089040398597719},"rotation":{"x":-0.034514229744672778,"y":0.9624373316764832,"z":-0.22517389059066773,"w":-0.14814889430999757},"size":3.2221953868865969,"orthographic":false}